[
{"file":"objects/Exterior/Trees/palm.jsz","position.x":-6,"position.y":0,"position.z":8,"rotation.x":0,"rotation.y":0,"rotation.z":0},
{"file":"objects/Platform/house.jsz","position.x":0,"position.y":0,"position.z":0,"rotation.x":0,"rotation.y":0,"rotation.z":0},
{"file":"objects/Exterior/Backyard/umbrella.jsz","position.x":-8,"position.y":0,"position.z":0,"rotation.x":0,"rotation.y":0,"rotation.z":0},
{"file":"objects/Exterior/Backyard/deck-chair.jsz","position.x":-8.5,"position.y":0,"position.z":2,"rotation.x":0,"rotation.y":0,"rotation.z":0},
{"file":"objects/Exterior/Plants/Bushes/bush.jsz","position.x":6,"position.y":0,"position.z":8,"rotation.x":0,"rotation.y":0,"rotation.z":0},
{"file":"objects/Exterior/Fences/fence2.jsz","position.x":-6.9,"position.y":0,"position.z":10,"rotation.x":0,"rotation.y":0,"rotation.z":0},
{"file":"objects/Exterior/Fences/fence1.jsz","position.x":-5,"position.y":0,"position.z":10,"rotation.x":0,"rotation.y":0,"rotation.z":0},
{"file":"objects/Exterior/Fences/fence1.jsz","position.x":0,"position.y":0,"position.z":10,"rotation.x":0,"rotation.y":0,"rotation.z":0},
{"file":"objects/Exterior/Fences/fence2.jsz","position.x":1.9,"position.y":0,"position.z":10,"rotation.x":0,"rotation.y":0,"rotation.z":0},
{"file":"objects/Exterior/Fences/fence2.jsz","position.x":3.7,"position.y":0,"position.z":10,"rotation.x":0,"rotation.y":0,"rotation.z":0},
{"file":"objects/Exterior/Fences/fence2.jsz","position.x":5.5,"position.y":0,"position.z":10,"rotation.x":0,"rotation.y":0,"rotation.z":0},
{"file":"objects/Exterior/Fences/fence2.jsz","position.x":7.3,"position.y":0,"position.z":10,"rotation.x":0,"rotation.y":0,"rotation.z":0},
{"file":"objects/Exterior/Street/concrete-sidewalk.jsz","position.x":-5,"position.y":0,"position.z":11,"rotation.x":0,"rotation.y":0,"rotation.z":0},
{"file":"objects/Exterior/Street/concrete-sidewalk.jsz","position.x":4.1,"position.y":0,"position.z":11,"rotation.x":0,"rotation.y":0,"rotation.z":0},
{"file":"objects/Exterior/Street/residential-trashcan.jsz","position.x":-5,"position.y":0,"position.z":12.5,"rotation.x":0,"rotation.y":0,"rotation.z":0}
]