[{"wall":"standard","position.x1":480,"position.y1":180,"position.x2":660,"position.y2":180,"curve.x":570,"curve.y":180},{"wall":"standard","position.x1":660,"position.y1":180,"position.x2":660,"position.y2":140,"curve.x":660,"curve.y":160},{"wall":"standard","position.x1":660,"position.y1":140,"position.x2":1040,"position.y2":140,"curve.x":850,"curve.y":140},{"wall":"standard","position.x1":1040,"position.y1":150,"position.x2":1040,"position.y2":540,"curve.x":1040,"curve.y":345},{"wall":"standard","position.x1":1040,"position.y1":540,"position.x2":930,"position.y2":540,"curve.x":985,"curve.y":540},{"wall":"standard","position.x1":930,"position.y1":540,"position.x2":930,"position.y2":650,"curve.x":930,"curve.y":595},{"wall":"standard","position.x1":930,"position.y1":650,"position.x2":480,"position.y2":650,"curve.x":705,"curve.y":650},{"wall":"standard","position.x1":480,"position.y1":650,"position.x2":480,"position.y2":180,"curve.x":480,"curve.y":415}]