[{"file":"objects/Platform/house.jsz","position.x":0,"position.y":0,"position.z":0,"rotation.x":0,"rotation.y":0,"rotation.z":0},{"file":"objects/Exterior/Trees/weeping-willow.jsz","position.x":-6,"position.y":0,"position.z":8,"rotation.x":0,"rotation.y":0,"rotation.z":0},{"file":"objects/Exterior/Backyard/umbrella.jsz","position.x":-8,"position.y":0,"position.z":0,"rotation.x":0,"rotation.y":0,"rotation.z":0},{"file":"objects/Exterior/Plants/Bushes/bush.jsz","position.x":6,"position.y":0,"position.z":8,"rotation.x":0,"rotation.y":0,"rotation.z":0},{"file":"objects/Exterior/Fences/fence1.jsz","position.x":-5,"position.y":0,"position.z":10,"rotation.x":0,"rotation.y":0,"rotation.z":0},{"file":"objects/Exterior/Fences/fence2.jsz","position.x":0,"position.y":0,"position.z":10,"rotation.x":0,"rotation.y":0,"rotation.z":0}]