{"objects":[{"type":"line","originX":"center","originY":"center","left":570,"top":180,"width":180,"height":0,"fill":"black","stroke":"black","strokeWidth":12,"strokeDashArray":null,"strokeLineCap":"round","strokeLineJoin":"miter","strokeMiterLimit":10,"scaleX":1,"scaleY":1,"angle":0,"flipX":false,"flipY":false,"opacity":1,"shadow":null,"visible":true,"clipTo":null,"backgroundColor":"","fillRule":"nonzero","globalCompositeOperation":"source-over","x1":-90,"x2":90,"y1":0,"y2":0},{"type":"line","originX":"center","originY":"center","left":660,"top":160,"width":0,"height":40,"fill":"black","stroke":"black","strokeWidth":12,"strokeDashArray":null,"strokeLineCap":"round","strokeLineJoin":"miter","strokeMiterLimit":10,"scaleX":1,"scaleY":1,"angle":0,"flipX":false,"flipY":false,"opacity":1,"shadow":null,"visible":true,"clipTo":null,"backgroundColor":"","fillRule":"nonzero","globalCompositeOperation":"source-over","x1":0,"x2":0,"y1":20,"y2":-20},{"type":"line","originX":"center","originY":"center","left":850,"top":140,"width":380,"height":0,"fill":"black","stroke":"black","strokeWidth":12,"strokeDashArray":null,"strokeLineCap":"round","strokeLineJoin":"miter","strokeMiterLimit":10,"scaleX":1,"scaleY":1,"angle":0,"flipX":false,"flipY":false,"opacity":1,"shadow":null,"visible":true,"clipTo":null,"backgroundColor":"","fillRule":"nonzero","globalCompositeOperation":"source-over","x1":-190,"x2":190,"y1":0,"y2":0},{"type":"line","originX":"center","originY":"center","left":1040,"top":345,"width":0,"height":390,"fill":"black","stroke":"black","strokeWidth":12,"strokeDashArray":null,"strokeLineCap":"round","strokeLineJoin":"miter","strokeMiterLimit":10,"scaleX":1,"scaleY":1,"angle":0,"flipX":false,"flipY":false,"opacity":1,"shadow":null,"visible":true,"clipTo":null,"backgroundColor":"","fillRule":"nonzero","globalCompositeOperation":"source-over","x1":0,"x2":0,"y1":-195,"y2":195},{"type":"line","originX":"center","originY":"center","left":985,"top":540,"width":110,"height":0,"fill":"black","stroke":"black","strokeWidth":12,"strokeDashArray":null,"strokeLineCap":"round","strokeLineJoin":"miter","strokeMiterLimit":10,"scaleX":1,"scaleY":1,"angle":0,"flipX":false,"flipY":false,"opacity":1,"shadow":null,"visible":true,"clipTo":null,"backgroundColor":"","fillRule":"nonzero","globalCompositeOperation":"source-over","x1":55,"x2":-55,"y1":0,"y2":0},{"type":"line","originX":"center","originY":"center","left":930,"top":595,"width":0,"height":110,"fill":"black","stroke":"black","strokeWidth":12,"strokeDashArray":null,"strokeLineCap":"round","strokeLineJoin":"miter","strokeMiterLimit":10,"scaleX":1,"scaleY":1,"angle":0,"flipX":false,"flipY":false,"opacity":1,"shadow":null,"visible":true,"clipTo":null,"backgroundColor":"","fillRule":"nonzero","globalCompositeOperation":"source-over","x1":0,"x2":0,"y1":-55,"y2":55},{"type":"line","originX":"center","originY":"center","left":705,"top":650,"width":450,"height":0,"fill":"black","stroke":"black","strokeWidth":12,"strokeDashArray":null,"strokeLineCap":"round","strokeLineJoin":"miter","strokeMiterLimit":10,"scaleX":1,"scaleY":1,"angle":0,"flipX":false,"flipY":false,"opacity":1,"shadow":null,"visible":true,"clipTo":null,"backgroundColor":"","fillRule":"nonzero","globalCompositeOperation":"source-over","x1":225,"x2":-225,"y1":0,"y2":0},{"type":"line","originX":"center","originY":"center","left":480,"top":415,"width":0,"height":470,"fill":"black","stroke":"black","strokeWidth":12,"strokeDashArray":null,"strokeLineCap":"round","strokeLineJoin":"miter","strokeMiterLimit":10,"scaleX":1,"scaleY":1,"angle":0,"flipX":false,"flipY":false,"opacity":1,"shadow":null,"visible":true,"clipTo":null,"backgroundColor":"","fillRule":"nonzero","globalCompositeOperation":"source-over","x1":0,"x2":0,"y1":235,"y2":-235}],"background":""}