[{"x":896,"y":71,"vertex":{"x":6,"y":1}},{"x":896,"y":71,"vertex":{"x":6,"y":1}},{"x":896,"y":71,"vertex":{"x":6,"y":1}},{"x":896,"y":71,"vertex":{"x":6,"y":1}},{"x":896,"y":71,"vertex":{"x":6,"y":1}},{"x":896,"y":71,"vertex":{"x":6,"y":1}},{"x":896,"y":71,"vertex":{"x":6,"y":1}},{"x":896,"y":71,"vertex":{"x":6,"y":1}},{"x":896,"y":71,"vertex":{"x":6,"y":1}},{"x":896,"y":71,"vertex":{"x":6,"y":1}},{"x":896,"y":71,"vertex":{"x":6,"y":1}},{"x":896,"y":71,"vertex":{"x":6,"y":1}},{"x":896,"y":71,"vertex":{"x":6,"y":1}},{"x":896,"y":71,"vertex":{"x":6,"y":1}},{"x":896,"y":71,"vertex":{"x":6,"y":1}},{"x":896,"y":71,"vertex":{"x":6,"y":1}},{"x":896,"y":71,"vertex":{"x":6,"y":1}},{"x":896,"y":71,"vertex":{"x":6,"y":1}},{"x":896,"y":71,"vertex":{"x":6,"y":1}},{"x":896,"y":71,"vertex":{"x":6,"y":1}},{"x":896,"y":71,"vertex":{"x":6,"y":1}},{"x":896,"y":71,"vertex":{"x":6,"y":1}},{"x":896,"y":71,"vertex":{"x":6,"y":1}},{"x":896,"y":71,"vertex":{"x":6,"y":1}},{"x":896,"y":71,"vertex":{"x":6,"y":1}},{"x":896,"y":71,"vertex":{"x":6,"y":1}},{"x":896,"y":71,"vertex":{"x":6,"y":1}},{"x":896,"y":71,"vertex":{"x":6,"y":1}},{"x":896,"y":71,"vertex":{"x":6,"y":1}},{"x":896,"y":71,"vertex":{"x":6,"y":1}},{"x":896,"y":71,"vertex":{"x":6,"y":1}},{"x":896,"y":71,"vertex":{"x":6,"y":1}},{"x":896,"y":71,"vertex":{"x":6,"y":1}},{"x":896,"y":71,"vertex":{"x":6,"y":1}},{"x":896,"y":71,"vertex":{"x":6,"y":1}},{"x":896,"y":71,"vertex":{"x":6,"y":1}},{"x":896,"y":71,"vertex":{"x":6,"y":1}},{"x":896,"y":71,"vertex":{"x":6,"y":1}},{"x":896,"y":71,"vertex":{"x":6,"y":1}},{"x":896,"y":71,"vertex":{"x":6,"y":1}},{"x":896,"y":71,"vertex":{"x":6,"y":1}},{"x":896,"y":71,"vertex":{"x":6,"y":1}},{"x":896,"y":71,"vertex":{"x":6,"y":1}},{"x":896,"y":71,"vertex":{"x":6,"y":1}},{"x":896,"y":71,"vertex":{"x":6,"y":1}},{"x":896,"y":71,"vertex":{"x":6,"y":1}},{"x":896,"y":71,"vertex":{"x":6,"y":1}},{"x":896,"y":71,"vertex":{"x":6,"y":1}},{"x":896,"y":71,"vertex":{"x":6,"y":1}},{"x":896,"y":71,"vertex":{"x":6,"y":1}},{"x":896,"y":71,"vertex":{"x":6,"y":1}},{"x":896,"y":71,"vertex":{"x":6,"y":1}},{"x":896,"y":71,"vertex":{"x":6,"y":1}},{"x":896,"y":71,"vertex":{"x":6,"y":1}},{"x":896,"y":71,"vertex":{"x":6,"y":1}},{"x":896,"y":71,"vertex":{"x":6,"y":1}},{"x":896,"y":71,"vertex":{"x":6,"y":1}},{"x":896,"y":71,"vertex":{"x":6,"y":1}},{"x":896,"y":71,"vertex":{"x":6,"y":1}},{"x":896,"y":71,"vertex":{"x":6,"y":1}},{"x":896,"y":71,"vertex":{"x":6,"y":1}},{"x":896,"y":71,"vertex":{"x":6,"y":1}},{"x":896,"y":71,"vertex":{"x":6,"y":1}},{"x":896,"y":71,"vertex":{"x":6,"y":1}},{"x":896,"y":71,"vertex":{"x":6,"y":1}},{"x":896,"y":71,"vertex":{"x":6,"y":1}},{"x":896,"y":71,"vertex":{"x":6,"y":1}},{"x":896,"y":71,"vertex":{"x":6,"y":1}},{"x":896,"y":71,"vertex":{"x":6,"y":1}},{"x":896,"y":71,"vertex":{"x":6,"y":1}},{"x":896,"y":71,"vertex":{"x":6,"y":1}},{"x":896,"y":71,"vertex":{"x":6,"y":1}},{"x":896,"y":71,"vertex":{"x":6,"y":1}},{"x":896,"y":71,"vertex":{"x":6,"y":1}},{"x":896,"y":71,"vertex":{"x":6,"y":1}},{"x":896,"y":71,"vertex":{"x":6,"y":1}},{"x":896,"y":71,"vertex":{"x":6,"y":1}},{"x":896,"y":71,"vertex":{"x":6,"y":1}},{"x":896,"y":71,"vertex":{"x":6,"y":1}},{"x":896,"y":71,"vertex":{"x":6,"y":1}},{"x":896,"y":71,"vertex":{"x":6,"y":1}},{"x":896,"y":71,"vertex":{"x":6,"y":1}},{"x":896,"y":71,"vertex":{"x":6,"y":1}},{"x":896,"y":71,"vertex":{"x":6,"y":1}},{"x":896,"y":71,"vertex":{"x":6,"y":1}},{"x":896,"y":71,"vertex":{"x":6,"y":1}},{"x":896,"y":71,"vertex":{"x":6,"y":1}},{"x":896,"y":71,"vertex":{"x":6,"y":1}},{"x":896,"y":71,"vertex":{"x":6,"y":1}},{"x":896,"y":71,"vertex":{"x":6,"y":1}},{"x":896,"y":71,"vertex":{"x":6,"y":1}},{"x":896,"y":71,"vertex":{"x":6,"y":1}},{"x":876,"y":75,"vertex":{"x":1,"y":32}},{"x":876,"y":75,"vertex":{"x":1,"y":32}},{"x":876,"y":75,"vertex":{"x":1,"y":32}},{"x":876,"y":75,"vertex":{"x":1,"y":32}},{"x":876,"y":75,"vertex":{"x":1,"y":32}},{"x":876,"y":75,"vertex":{"x":1,"y":32}},{"x":876,"y":75,"vertex":{"x":1,"y":32}},{"x":876,"y":75,"vertex":{"x":1,"y":32}},{"x":876,"y":75,"vertex":{"x":1,"y":32}},{"x":876,"y":75,"vertex":{"x":1,"y":32}},{"x":876,"y":75,"vertex":{"x":1,"y":32}},{"x":876,"y":75,"vertex":{"x":1,"y":32}},{"x":876,"y":75,"vertex":{"x":1,"y":32}},{"x":876,"y":75,"vertex":{"x":1,"y":32}},{"x":876,"y":75,"vertex":{"x":1,"y":32}},{"x":876,"y":75,"vertex":{"x":1,"y":32}},{"x":876,"y":75,"vertex":{"x":1,"y":32}},{"x":876,"y":75,"vertex":{"x":1,"y":32}},{"x":876,"y":75,"vertex":{"x":1,"y":32}},{"x":876,"y":75,"vertex":{"x":1,"y":32}},{"x":876,"y":75,"vertex":{"x":1,"y":32}},{"x":876,"y":75,"vertex":{"x":1,"y":32}},{"x":876,"y":75,"vertex":{"x":1,"y":32}},{"x":876,"y":75,"vertex":{"x":1,"y":32}},{"x":876,"y":75,"vertex":{"x":1,"y":32}},{"x":876,"y":75,"vertex":{"x":1,"y":32}},{"x":876,"y":75,"vertex":{"x":1,"y":32}},{"x":876,"y":75,"vertex":{"x":1,"y":32}},{"x":876,"y":75,"vertex":{"x":1,"y":32}},{"x":876,"y":75,"vertex":{"x":1,"y":32}},{"x":876,"y":75,"vertex":{"x":1,"y":32}},{"x":876,"y":75,"vertex":{"x":1,"y":32}},{"x":876,"y":75,"vertex":{"x":1,"y":32}},{"x":876,"y":75,"vertex":{"x":1,"y":32}},{"x":876,"y":75,"vertex":{"x":1,"y":32}},{"x":876,"y":75,"vertex":{"x":1,"y":32}},{"x":876,"y":75,"vertex":{"x":1,"y":32}},{"x":876,"y":75,"vertex":{"x":1,"y":32}},{"x":876,"y":75,"vertex":{"x":1,"y":32}},{"x":876,"y":75,"vertex":{"x":1,"y":32}},{"x":876,"y":75,"vertex":{"x":1,"y":32}},{"x":876,"y":75,"vertex":{"x":1,"y":32}},{"x":876,"y":75,"vertex":{"x":1,"y":32}},{"x":876,"y":75,"vertex":{"x":1,"y":32}},{"x":876,"y":75,"vertex":{"x":1,"y":32}},{"x":876,"y":75,"vertex":{"x":1,"y":32}},{"x":876,"y":75,"vertex":{"x":1,"y":32}},{"x":876,"y":75,"vertex":{"x":1,"y":32}},{"x":876,"y":75,"vertex":{"x":1,"y":32}},{"x":876,"y":75,"vertex":{"x":1,"y":32}},{"x":876,"y":75,"vertex":{"x":1,"y":32}},{"x":876,"y":75,"vertex":{"x":1,"y":32}},{"x":876,"y":75,"vertex":{"x":1,"y":32}},{"x":876,"y":75,"vertex":{"x":1,"y":32}},{"x":876,"y":75,"vertex":{"x":1,"y":32}},{"x":876,"y":75,"vertex":{"x":1,"y":32}},{"x":876,"y":75,"vertex":{"x":1,"y":32}},{"x":876,"y":75,"vertex":{"x":1,"y":32}},{"x":876,"y":75,"vertex":{"x":1,"y":32}},{"x":876,"y":75,"vertex":{"x":1,"y":32}},{"x":876,"y":75,"vertex":{"x":1,"y":32}},{"x":876,"y":75,"vertex":{"x":1,"y":32}},{"x":876,"y":75,"vertex":{"x":1,"y":32}},{"x":876,"y":75,"vertex":{"x":1,"y":32}},{"x":876,"y":75,"vertex":{"x":1,"y":32}},{"x":876,"y":75,"vertex":{"x":1,"y":32}},{"x":876,"y":75,"vertex":{"x":1,"y":32}},{"x":876,"y":75,"vertex":{"x":1,"y":32}},{"x":876,"y":75,"vertex":{"x":1,"y":32}}]