[{"file":"objects/Exterior/Trees/palm.babylon","position.x":-6,"position.y":0,"position.z":8,"rotation.x":0,"rotation.y":0,"rotation.z":0},
{"file":"objects/Platform/house.babylon","position.x":0,"position.y":0,"position.z":0,"rotation.x":0,"rotation.y":0,"rotation.z":0},
{"file":"objects/Exterior/Backyard/umbrella.babylon","position.x":-10,"position.y":0,"position.z":0,"rotation.x":0,"rotation.y":0,"rotation.z":0},
{"file":"objects/Exterior/Backyard/deck-chair.babylon","position.x":-10,"position.y":0,"position.z":2,"rotation.x":0,"rotation.y":0,"rotation.z":0},
{"file":"objects/Exterior/Plants/Bushes/bush.babylon","position.x":6,"position.y":0,"position.z":8,"rotation.x":0,"rotation.y":0,"rotation.z":0},{"file":"objects/Exterior/Fences/fence1.babylon","position.x":-5,"position.y":0,"position.z":10,"rotation.x":0,"rotation.y":0,"rotation.z":0},{"file":"objects/Exterior/Fences/fence2.babylon","position.x":0,"position.y":0,"position.z":10,"rotation.x":0,"rotation.y":0,"rotation.z":0}]