[[],
[{"file":"objects/Interior/Furniture/Sofas/clear-sofa.jsz","note":"cool notes, click to view","position.x":0,"position.y":0.14,"position.z":0,"rotation.x":0,"rotation.y":0,"rotation.z":0},
{"file":"objects/Interior/Plants/lucky-bamboo.jsz","position.x":-3,"position.y":0.14,"position.z":-3,"rotation.x":0,"rotation.y":0,"rotation.z":0},
{"file":"objects/Interior/Tables/Dinning/table-w-table-cloth.jsz","position.x":-2.5,"position.y":0.14,"position.z":3,"rotation.x":0,"rotation.y":0,"rotation.z":0},
{"file":"objects/Platform/camera.jsz","position.x":5,"position.y":0.14,"position.z":-3,"rotation.x":0,"rotation.y":2.5,"rotation.z":0},
{"floor":"objects/Platform/Textures/W23643.jpg"},
{"ceiling":"objects/Platform/Textures/L34672.jpg"}]
,
[{"floor":"objects/Platform/Textures/W23643.jpg"},
{"ceiling":"objects/Platform/Textures/L34672.jpg"}]
]