[[],[
{"wall":"standard","x1":480,"y1":180,"x2":660,"y2":180,"cx":570,"cy":180},
{"wall":"standard","x1":660,"y1":180,"x2":660,"y2":140,"cx":660,"cy":160},
{"wall":"standard","x1":660,"y1":140,"x2":1040,"y2":140,"cx":850,"cy":140},
{"wall":"standard","x1":1040,"y1":140,"x2":1040,"y2":540,"cx":1040,"cy":345},
{"wall":"standard","x1":1040,"y1":540,"x2":930,"y2":540,"cx":985,"cy":540},
{"wall":"standard","x1":930,"y1":540,"x2":930,"y2":650,"cx":930,"cy":595},
{"wall":"standard","x1":930,"y1":650,"x2":480,"y2":650,"cx":705,"cy":650},
{"wall":"standard","x1":480,"y1":650,"x2":480,"y2":180,"cx":480,"cy":415},
{"door":"objects/Exterior/Doors/door-1.jsz","open":"right","length":120,"x":580,"y":180,"z":0,"direction":"out"},
{"window":"objects/Exterior/Windows/window-1.jsz","open":"slide","x":200,"y":0,"z":10,"direction":""},
{"label":"Room","size":"6.7m²","x":550,"y":240}
],[]]