[[],[
{"wall":"standard","id":"gtred23","position.x1":480,"position.y1":180,"position.x2":660,"position.y2":180,"curve.x":570,"curve.y":180},
{"wall":"standard","id":"svted56","position.x1":660,"position.y1":180,"position.x2":660,"position.y2":140,"curve.x":660,"curve.y":160},
{"wall":"standard","id":"45gre35","position.x1":660,"position.y1":140,"position.x2":1040,"position.y2":140,"curve.x":850,"curve.y":140},
{"wall":"standard","id":"ghjer363","position.x1":1040,"position.y1":150,"position.x2":1040,"position.y2":540,"curve.x":1040,"curve.y":345},
{"wall":"standard","id":"g563df3","position.x1":1040,"position.y1":540,"position.x2":930,"position.y2":540,"curve.x":985,"curve.y":540},
{"wall":"standard","id":"gt34we3j","position.x1":930,"position.y1":540,"position.x2":930,"position.y2":650,"curve.x":930,"curve.y":595},
{"wall":"standard","id":"ku45ess","position.x1":930,"position.y1":650,"position.x2":480,"position.y2":650,"curve.x":705,"curve.y":650},
{"wall":"standard","id":"fg56434","position.x1":480,"position.y1":650,"position.x2":480,"position.y2":180,"curve.x":480,"curve.y":415},
{"door":"objects/Exterior/Doors/door-1.jsz","open":"right","id":"gtred23","position.x1":480,"position.y1":180,"position.x2":520,"position.y2":180,"position.z":10,"curve.x":0,"curve.y":0,"direction":"in"}
],[]]