[
[]
,
[{"wall":"standard","x1":480,"y1":180,"x2":660,"y2":180,"cx":570,"cy":180,"h":3},
{"wall":"standard","x1":660,"y1":180,"x2":660,"y2":140,"cx":660,"cy":160,"h":3},
{"wall":"standard","x1":660,"y1":140,"x2":1040,"y2":140,"cx":850,"cy":140,"h":3},
{"wall":"standard","x1":1040,"y1":140,"x2":1040,"y2":540,"cx":1040,"cy":345,"h":3},
{"wall":"standard","x1":1040,"y1":540,"x2":930,"y2":540,"cx":985,"cy":540,"h":3},
{"wall":"standard","x1":930,"y1":540,"x2":930,"y2":650,"cx":930,"cy":595,"h":3},
{"wall":"standard","x1":930,"y1":650,"x2":480,"y2":650,"cx":705,"cy":650,"h":3},
{"wall":"standard","x1":480,"y1":650,"x2":480,"y2":180,"cx":480,"cy":415,"h":3},
{"door":"objects/Exterior/Doors/door-1.jsz","open":"right","length":120,"x":580,"y":180,"z":0,"direction":"out"},
{"window":"objects/Exterior/Windows/window-1.jsz","open":"slide","length":200,"x":1040,"y":300,"z":10,"direction":""},
{"label":"Room","size":"11 x 15","x":750,"y":350}]
,
[{"wall":"standard","x1":480,"y1":180,"x2":660,"y2":180,"cx":570,"cy":180,"h":3},
{"wall":"standard","x1":660,"y1":180,"x2":660,"y2":140,"cx":660,"cy":160,"h":3},
{"wall":"standard","x1":660,"y1":140,"x2":1040,"y2":140,"cx":850,"cy":140,"h":3},
{"wall":"standard","x1":1040,"y1":140,"x2":1040,"y2":540,"cx":1040,"cy":345,"h":3},
{"wall":"standard","x1":1040,"y1":540,"x2":930,"y2":540,"cx":985,"cy":540,"h":3},
{"wall":"standard","x1":930,"y1":540,"x2":930,"y2":650,"cx":930,"cy":595,"h":3},
{"wall":"standard","x1":930,"y1":650,"x2":480,"y2":650,"cx":705,"cy":650,"h":3},
{"wall":"standard","x1":480,"y1":650,"x2":480,"y2":180,"cx":480,"cy":415,"h":3},
{"label":"Room","size":"11 x 15","x":750,"y":350}]
]