[{"x":876,"y":75,"vertex":{"x":1,"y":32}},{"x":876,"y":75,"vertex":{"x":1,"y":32}},{"x":876,"y":75,"vertex":{"x":1,"y":32}},{"x":876,"y":75,"vertex":{"x":1,"y":32}},{"x":876,"y":75,"vertex":{"x":1,"y":32}},{"x":876,"y":75,"vertex":{"x":1,"y":32}},{"x":876,"y":75,"vertex":{"x":1,"y":32}},{"x":876,"y":75,"vertex":{"x":1,"y":32}},{"x":876,"y":75,"vertex":{"x":1,"y":32}},{"x":876,"y":75,"vertex":{"x":1,"y":32}},{"x":876,"y":75,"vertex":{"x":1,"y":32}},{"x":876,"y":75,"vertex":{"x":1,"y":32}},{"x":876,"y":75,"vertex":{"x":1,"y":32}},{"x":876,"y":75,"vertex":{"x":1,"y":32}},{"x":876,"y":75,"vertex":{"x":1,"y":32}},{"x":876,"y":75,"vertex":{"x":1,"y":32}},{"x":876,"y":75,"vertex":{"x":1,"y":32}},{"x":876,"y":75,"vertex":{"x":1,"y":32}},{"x":876,"y":75,"vertex":{"x":1,"y":32}},{"x":876,"y":75,"vertex":{"x":1,"y":32}}]